timestamp,scenario,elapsed_seconds,offered,admission_waiting,upstream_dropped,admission_timeouts,admitted,claimed,completed,errors,pending,running,succeeded,oldest_pending_ms,claim_p95_ms,connections,lock_waiters,query_latency_ms,xact_commit,tuples_inserted,wal_bytes,container_cpu_percent,container_memory_bytes
2026-08-02T16:24:24.330190283Z,target-700,0.000137745,826,391,0,0,435,433,0,0,0,0,0,0.0,87.615,57,36,4.916784000000001,48,25006,14637110,241.71,267072307
2026-08-02T16:24:26.600478682Z,target-700,2.187883139,2415,440,0,0,1975,1974,0,0,2,1122,0,3.377,36.639,64,59,55.098802,2373,27640,17723711,291.09,277348352
2026-08-02T16:24:29.606920705Z,target-700,4.457672914,4522,398,0,0,4124,4122,0,0,2,2700,0,2.473,12.063,64,56,41.183477,5979,32398,22152701,296.11,281752371
2026-08-02T16:24:32.618167768Z,target-700,7.464193585,6629,393,0,0,6236,6235,0,0,1,4882,0,5.319,6.199,64,58,58.280113,10899,38671,28662005,294.93,285002956
2026-08-02T16:24:34.921918651Z,target-700,10.47521456,8239,428,0,0,7811,7810,0,0,1,6958,0,5.28,5.535,64,55,50.259321,15674,44788,34422305,282.98,288358400
2026-08-02T16:24:37.222250174Z,target-700,12.779513957,9849,448,0,0,9401,9400,0,0,1,8505,0,5.929,5.179,64,59,65.150254,19377,49621,38735917,290.31,291294412
2026-08-02T16:24:40.228234586Z,target-700,15.079505695,11956,491,0,0,11465,11464,0,0,1,10126,0,6.225,4.971,64,59,56.154944,23143,54427,43309769,298.04,294544998
2026-08-02T16:24:43.238102432Z,target-700,18.085208055,14000,652,0,0,13348,13317,181,0,2,12179,0,3.533,5.855,64,60,43.495274,27994,60664,48993822,306.76,309854208
2026-08-02T16:24:45.679896129Z,target-700,21.095238948,14000,0,0,0,14000,14000,1251,0,134,13270,504,929.984,27.423,64,53,150.396071,32372,68434,55267793,405.3,317928243
2026-08-02T16:24:47.781043423Z,target-700,23.537847696,14000,0,0,0,14000,14000,2746,0,0,12031,1969,0.0,27.423,64,25,38.01466,38788,76882,59390722,402.69,330301440
2026-08-02T16:24:49.832318862Z,target-700,25.638557631,14000,0,0,0,14000,14000,4264,0,0,10482,3518,0.0,27.423,64,2,8.516304,46974,86068,63456350,411.48,328099430
2026-08-02T16:24:52.840816279Z,target-700,27.68918489,14000,0,0,0,14000,14000,6396,0,0,9029,4971,0.0,27.423,64,45,119.252883,58250,95608,68221422,401.66,331559731
2026-08-02T16:24:55.852338358Z,target-700,30.698195315,14000,0,0,0,14000,14000,8375,0,0,6951,7049,0.0,27.423,64,34,9.994295000000001,69744,107008,73124456,400.33,335754035
2026-08-02T16:24:57.974912963Z,target-700,33.709275423,14000,0,0,0,14000,14000,9798,0,0,4947,9053,0.0,27.423,64,34,8.157149,85011,119002,78396353,403.93,338899763
2026-08-02T16:25:00.066120750Z,target-700,35.832341655,14000,0,0,0,14000,14000,11314,0,0,3452,10548,0.0,27.423,64,16,40.560054,92987,127696,82164220,400.4,341730918
2026-08-02T16:25:03.072263196Z,target-700,37.92371772,14000,0,0,0,14000,14000,13182,0,0,2020,11980,0.0,27.423,64,32,48.468855,102172,136870,86239576,399.69,344666931
2026-08-02T16:25:06.086534752Z,target-700,40.92933808,14000,0,0,0,14000,14000,13968,0,0,405,13595,0.0,27.423,64,0,11.244888999999999,119441,147448,90663216,355.39,346973798
2026-08-02T16:25:08.133294872Z,target-700,43.94395019,14000,0,0,0,14000,14000,14000,0,0,0,14000,0.0,27.423,64,0,6.947785,143751,150826,92117559,4.1,343303782
2026-08-02T16:25:10.140643827Z,target-700,44.989954161,14000,0,0,0,14000,14000,14000,0,0,0,14000,0.0,27.423,64,0,6.593096,143905,150838,92124715,3.74,344352358
2026-08-02T16:25:15.160903264Z,target-700-rtt-1ms,0.00001788,1197,209,0,0,988,986,0,0,0,0,0,0.0,6.327,64,2,2.178297,2823,102,96738743,299.52,349909811
2026-08-02T16:25:18.170390364Z,target-700-rtt-1ms,2.717430481,3304,149,0,0,3155,3154,0,0,1,1718,0,2.813,5.315,64,58,55.407171999999996,7327,29116,100698811,332.12,349595238
2026-08-02T16:25:20.455333009Z,target-700-rtt-1ms,5.726091688,4900,88,0,0,4812,4811,0,0,1,3895,0,3.297,5.555,64,57,55.195211,12561,36028,107755443,342.27,349909811
2026-08-02T16:25:22.617545514Z,target-700-rtt-1ms,8.011480371,6419,58,0,0,6361,6360,0,0,2,5543,0,6.99,5.507,64,57,34.045065,18439,40867,112426794,384.8,351063244
2026-08-02T16:25:25.627790008Z,target-700-rtt-1ms,10.173079485,8526,95,0,0,8431,8424,0,0,4,7058,0,9.283,6.139,64,56,27.709432,25125,45136,116461814,397.29,350434099
2026-08-02T16:25:27.873272610Z,target-700-rtt-1ms,13.184086945,10094,66,0,0,10028,10026,0,0,2,9150,0,4.912,6.459,64,56,55.4799,31167,51712,122709368,410.4,351272960
2026-08-02T16:25:30.880384077Z,target-700-rtt-1ms,15.429439734,12201,161,0,0,12040,12036,0,0,2,10710,0,21.362,7.215,64,55,53.335246000000005,35665,56314,127359447,401.99,352531251
2026-08-02T16:25:33.210471478Z,target-700-rtt-1ms,18.436247713,13832,221,0,0,13611,13581,150,0,3,12756,5,10.956,8.071,64,56,76.37295800000001,40204,62344,133048511,403.43,353265254
2026-08-02T16:25:35.261045913Z,target-700-rtt-1ms,20.766134154,14000,0,0,0,14000,14000,1063,0,0,13496,503,0.0,11.391,65,25,14.102946999999999,43623,68584,137732706,330.3,357564416
2026-08-02T16:25:38.273859423Z,target-700-rtt-1ms,22.817174969,14000,0,0,0,14000,14000,3248,0,0,12245,1755,0.0,11.391,64,0,10.298577,58223,75545,141694451,317.13,354733260
2026-08-02T16:25:41.283785665Z,target-700-rtt-1ms,25.830055032,14000,0,0,0,14000,14000,5386,0,0,10012,3988,0.0,11.391,64,0,4.745788,86406,88817,147433846,325.65,355676979
2026-08-02T16:25:43.332677949Z,target-700-rtt-1ms,28.84037264,14000,0,0,0,14000,14000,6785,0,0,7943,6057,0.0,11.391,64,0,5.999092,114492,101729,153076371,327.38,358193561
2026-08-02T16:25:45.384312677Z,target-700-rtt-1ms,30.889203827,14000,0,0,0,14000,14000,8292,0,0,6479,7521,0.0,11.391,64,0,8.503906,133417,110147,156859408,316.94,357354700
2026-08-02T16:25:48.419240081Z,target-700-rtt-1ms,32.940138608,14000,0,0,0,14000,14000,10379,0,0,5011,8989,0.0,11.391,64,0,10.567712,153028,119375,160766125,311.36,357878988
2026-08-02T16:25:50.465947771Z,target-700-rtt-1ms,35.975246447,14000,0,0,0,14000,14000,11762,0,0,2917,11083,0.0,11.391,64,0,10.7855,180892,131687,166041232,321.87,358612992
2026-08-02T16:25:53.476180671Z,target-700-rtt-1ms,38.022253204,14000,0,0,0,14000,14000,13513,0,0,1576,12424,0.0,11.391,64,0,10.81241,199535,139907,169562812,280.1,360080998
2026-08-02T16:25:55.507404308Z,target-700-rtt-1ms,41.032860877,14000,0,0,0,14000,14000,13980,0,0,177,13823,0.0,11.391,64,0,6.281984,226630,149327,173533787,233.19,360710144
2026-08-02T16:25:57.559332870Z,target-700-rtt-1ms,43.063705773,14000,0,0,0,14000,14000,14000,0,0,0,14000,0.0,11.391,64,0,9.765483,239578,151043,174303906,3.81,359137280
2026-08-02T16:25:59.566181937Z,target-700-rtt-1ms,44.114870669,14000,0,0,0,14000,14000,14000,0,0,0,14000,0.0,11.391,64,0,8.610899999999999,239914,151055,174303906,2.85,357564416
2026-08-02T16:26:04.545100007Z,target-700-rtt-3ms,0.000051614,1162,155,0,0,1007,1005,0,0,0,0,0,0.0,6.067,64,0,2.143991,116,6,174403010,277.86,362178150
2026-08-02T16:26:06.804100203Z,target-700-rtt-3ms,2.666674158,2744,163,0,0,2581,2581,0,0,2,1727,0,3.06,5.891,64,53,48.550380999999994,7458,29182,182888615,277.92,362597580
2026-08-02T16:26:09.091164297Z,target-700-rtt-3ms,4.925697588,4347,101,0,0,4246,4244,0,0,1,3320,0,2.762,5.831,64,57,55.253828,10728,33688,187681152,273.95,361968435
2026-08-02T16:26:12.096766240Z,target-700-rtt-3ms,7.213281638,6447,116,0,0,6331,6329,0,0,3,4966,0,5.575,5.951,64,56,59.476586999999995,14337,38620,193127124,290.41,370147328
2026-08-02T16:26:15.108118568Z,target-700-rtt-3ms,10.218990202,8554,150,0,0,8404,8403,0,0,2,7089,0,3.062,5.927,64,53,39.921516999999994,19380,45217,198961932,284.53,362597580
2026-08-02T16:26:17.402486082Z,target-700-rtt-3ms,13.230339519,10164,199,0,0,9965,9963,0,0,1,9104,0,5.381,5.899,64,53,61.843899,24300,51637,205098836,282.5,363436441
2026-08-02T16:26:19.726739459Z,target-700-rtt-3ms,15.523687542,11788,212,0,0,11576,11575,0,0,2,10703,0,8.84,5.879,64,54,62.62972,27678,56230,209445776,278.99,362492723
2026-08-02T16:26:22.736184934Z,target-700-rtt-3ms,17.84867345,13895,313,0,0,13582,13535,181,0,1,12290,0,7.116,6.303,64,57,55.719076,31032,60880,214047315,303.16,363960729
2026-08-02T16:26:24.762365422Z,target-700-rtt-3ms,20.857714917,14000,0,0,0,14000,14000,1183,0,0,13401,599,0.0,8.895,64,0,6.020150999999999,35398,68680,220014599,320.01,365114163
2026-08-02T16:26:27.769177014Z,target-700-rtt-3ms,22.883966278,14000,0,0,0,14000,14000,3242,0,0,12140,1860,0.0,8.895,64,10,10.142642,47387,76294,223761045,339.57,365533593
2026-08-02T16:26:29.821399823Z,target-700-rtt-3ms,25.891628462,14000,0,0,0,14000,14000,4743,0,0,10004,3996,0.0,8.895,64,2,8.021215999999999,68178,89122,229683637,313.48,366687027
2026-08-02T16:26:31.842846932Z,target-700-rtt-3ms,27.943204603,14000,0,0,0,14000,14000,6182,0,0,8552,5448,0.0,8.895,64,0,3.333973,82416,97624,233504518,326.67,365743308
2026-08-02T16:26:34.855420649Z,target-700-rtt-3ms,29.964731739,14000,0,0,0,14000,14000,8238,0,0,7093,6907,0.0,8.895,65,0,7.673873,96564,106516,237551906,283.7,367001600
2026-08-02T16:26:37.883059428Z,target-700-rtt-3ms,32.976731863,14000,0,0,0,14000,14000,10261,0,0,5089,8911,0.0,8.895,64,0,5.000927,117609,118648,243607732,262.95,366267596
2026-08-02T16:26:39.929727208Z,target-700-rtt-3ms,36.005023038,14000,0,0,0,14000,14000,11767,0,0,3019,10981,0.0,8.895,64,0,7.17371,138602,130882,248964403,298.67,367525888
2026-08-02T16:26:41.974953171Z,target-700-rtt-3ms,38.052311689,14000,0,0,0,14000,14000,13041,0,0,1586,12414,0.0,8.895,64,0,6.964217,153306,139882,252815929,270.6,368784179
2026-08-02T16:26:44.014659785Z,target-700-rtt-3ms,40.096729192,14000,0,0,0,14000,14000,13834,0,0,469,13531,0.0,8.895,64,2,4.2958359999999995,167092,146944,255790532,212.63,370042470
2026-08-02T16:26:47.023969041Z,target-700-rtt-3ms,42.136647283,14000,0,0,0,14000,14000,14000,0,0,29,13971,0.0,8.895,64,0,8.359202,180267,150598,257338722,4.39,369518182
2026-08-02T16:26:49.030440467Z,target-700-rtt-3ms,44.145157534,14000,0,0,0,14000,14000,14000,0,0,0,14000,0.0,8.895,64,0,6.772093,183631,150904,257466940,4.23,367840460
2026-08-02T16:26:53.369841994Z,target-700-rtt-5ms,0.000050378,728,157,0,0,571,568,0,0,0,0,0,0.0,7.127,64,0,2.444145,84,18,258349209,250.92,369623040
2026-08-02T16:26:55.692016465Z,target-700-rtt-5ms,2.042123777,2352,174,0,0,2178,2177,0,0,1,1268,0,3.537,7.019,64,54,59.72861,5165,23321,265786627,270.3,370252185
2026-08-02T16:26:58.702139829Z,target-700-rtt-5ms,4.36423865,4459,199,0,0,4260,4259,0,0,1,2894,0,3.447,7.511,64,53,59.748796,8713,28313,270395196,267.51,370252185
2026-08-02T16:27:01.708000830Z,target-700-rtt-5ms,7.374416804,6559,200,0,0,6359,6355,0,0,1,4994,0,6.047,7.251,64,53,59.316994,12863,34214,276647165,269.95,370566758
2026-08-02T16:27:04.020296534Z,target-700-rtt-5ms,10.380269271,8183,131,0,0,8052,8051,0,0,2,7174,0,7.776,7.383,64,51,50.957049999999995,17305,40481,282490436,274.57,370986188
2026-08-02T16:27:06.074103126Z,target-700-rtt-5ms,12.692133165,9618,27,0,0,9591,9589,0,0,1,8843,0,5.663,7.035,64,33,9.60073,21096,45521,286686599,329.32,372034764
2026-08-02T16:27:09.081416917Z,target-700-rtt-5ms,14.746159799,11725,95,0,0,11630,11630,0,0,1,10285,0,5.886,6.775,64,31,9.323593,31023,49952,290843303,289.49,371195904
2026-08-02T16:27:12.089157349Z,target-700-rtt-5ms,17.753154338,13825,284,0,0,13541,13484,175,0,1,12339,0,5.663,7.523,64,46,53.734463000000005,38837,56195,297050036,288.84,371720192
2026-08-02T16:27:14.133111918Z,target-700-rtt-5ms,20.762076052,14000,0,0,0,14000,14000,1103,0,0,13469,531,0.0,14.615,64,0,8.890195,42843,63542,302772945,258.84,372454195
2026-08-02T16:27:16.178050557Z,target-700-rtt-5ms,22.805899908,14000,0,0,0,14000,14000,2482,0,0,12247,1753,0.0,14.615,64,0,9.042222,52522,70694,306471226,280.74,373712486
2026-08-02T16:27:18.220934236Z,target-700-rtt-5ms,24.850354803,14000,0,0,0,14000,14000,3928,0,0,10797,3203,0.0,14.615,64,0,8.257465999999999,64257,79328,310331969,280.42,372978483
2026-08-02T16:27:21.228542483Z,target-700-rtt-5ms,26.893187987,14000,0,0,0,14000,14000,6024,0,0,9365,4635,0.0,14.615,64,0,8.225023,75833,87878,314271969,285.13,374131916
2026-08-02T16:27:24.237432526Z,target-700-rtt-5ms,29.901066501,14000,0,0,0,14000,14000,8236,0,0,7266,6734,0.0,14.615,64,0,7.9055919999999995,93110,100598,319985649,310.86,375075635
2026-08-02T16:27:26.278974395Z,target-700-rtt-5ms,32.909943941,14000,0,0,0,14000,14000,9700,0,0,5041,8959,0.0,14.615,64,1,7.512762,110534,113900,325937026,286.62,375180492
2026-08-02T16:27:28.319374318Z,target-700-rtt-5ms,34.951131918,14000,0,0,0,14000,14000,11118,0,0,3586,10414,0.0,14.615,64,0,5.772183,122129,122774,329880912,277.29,375809638
2026-08-02T16:27:31.349004731Z,target-700-rtt-5ms,36.991393394,14000,0,0,0,14000,14000,13030,0,0,2202,11798,0.0,14.615,64,0,8.882592,133638,131078,333443844,270.33,375809638
2026-08-02T16:27:34.356494951Z,target-700-rtt-5ms,40.021340388,14000,0,0,0,14000,14000,13965,0,0,482,13518,0.0,14.615,64,0,6.055654,150611,141992,338096340,175.33,375809638
2026-08-02T16:27:36.392378848Z,target-700-rtt-5ms,43.028579515,14000,0,0,0,14000,14000,14000,0,0,0,14000,0.0,14.615,64,0,5.846993,163485,145958,340601824,4.3,375390208
2026-08-02T16:27:38.397458643Z,target-700-rtt-5ms,44.063969565,14000,0,0,0,14000,14000,14000,0,0,0,14000,0.0,14.615,64,0,7.956122,163547,145970,340608709,4.07,374131916
2026-08-02T16:27:43.455241640Z,target-700-rtt-10ms,0.00007037,1232,151,0,0,1081,1061,0,0,0,0,0,0.0,51.071,64,0,3.142348,47,6,340737348,257.43,374236774
2026-08-02T16:27:46.464887684Z,target-700-rtt-10ms,2.771588712,3339,167,0,0,3172,3098,0,0,40,1780,0,112.343,143.231,64,46,66.776029,5034,29218,349430269,259.52,376229068
2026-08-02T16:27:48.793974769Z,target-700-rtt-10ms,5.781338881,4970,145,0,0,4825,4698,0,0,92,3818,0,187.795,196.095,64,46,60.024468999999996,9392,35833,355776131,256.08,375704780
2026-08-02T16:27:51.121540771Z,target-700-rtt-10ms,8.110273435,6601,121,0,0,6480,6306,0,0,154,5447,0,570.397,279.807,64,46,59.190663,12647,40741,361091041,252.88,375809638
2026-08-02T16:27:54.130784462Z,target-700-rtt-10ms,10.437269666,8708,135,0,0,8573,8343,0,0,197,7031,0,468.458,367.615,64,48,64.906035,15997,45790,365927348,258.35,375704780
2026-08-02T16:27:56.466279033Z,target-700-rtt-10ms,13.447523432,10346,148,0,0,10198,9928,0,0,249,9072,0,403.071,411.135,64,40,68.88174099999999,20036,51976,371614067,256.54,375914496
2026-08-02T16:27:59.473529750Z,target-700-rtt-10ms,15.782218716,12446,209,0,0,12237,11927,0,0,282,10623,0,796.709,482.047,64,48,53.546954,23360,57022,376157808,256.27,376438784
2026-08-02T16:28:01.897117963Z,target-700-rtt-10ms,18.789091393,14000,268,0,0,13732,13233,290,0,344,12600,25,767.084,575.999,64,47,81.930389,27491,63271,382427978,280.56,375809638
2026-08-02T16:28:05.215237431Z,target-700-rtt-10ms,21.213239893,14000,0,0,0,14000,14000,2245,0,546,12736,718,1888.369,1147.903,64,53,243.696444,30379,70372,387349302,230.18,377382502
2026-08-02T16:28:07.260362746Z,target-700-rtt-10ms,24.531765795,14000,0,0,0,14000,14000,3620,0,0,11086,2914,0.0,1147.903,64,0,9.715014,37894,82558,392944530,236.75,377697075
2026-08-02T16:28:10.269314875Z,target-700-rtt-10ms,26.576666157,14000,0,0,0,14000,14000,5728,0,0,9688,4312,0.0,1147.903,64,0,6.518705,45901,90928,396709351,239.62,377801932
2026-08-02T16:28:12.306249355Z,target-700-rtt-10ms,29.586142686,14000,0,0,0,14000,14000,7135,0,0,7569,6431,0.0,1147.903,64,0,8.094054999999999,58030,103540,402394301,237.19,378431078
2026-08-02T16:28:14.349637742Z,target-700-rtt-10ms,31.622169996,14000,0,0,0,14000,14000,8494,0,0,6209,7791,0.0,1147.903,64,0,7.813924,66119,111862,406143161,241.56,377697075
2026-08-02T16:28:17.357658970Z,target-700-rtt-10ms,33.666381205,14000,0,0,0,14000,14000,10539,0,0,4849,9151,0.0,1147.903,64,0,6.254832,74319,120148,409833574,235.96,378116505
2026-08-02T16:28:19.390649471Z,target-700-rtt-10ms,36.674382533,14000,0,0,0,14000,14000,11845,0,0,2848,11152,0.0,1147.903,64,0,6.510346,86141,132184,415126189,233.32,377906790
2026-08-02T16:28:22.399317446Z,target-700-rtt-10ms,38.708071255,14000,0,0,0,14000,14000,13294,0,0,1559,12441,0.0,1147.903,64,0,7.812512000000001,94208,140086,418626378,179.24,380213657
2026-08-02T16:28:24.435345683Z,target-700-rtt-10ms,41.715423675,14000,0,0,0,14000,14000,13794,0,0,407,13593,0.0,1147.903,64,0,7.289568,105245,147868,421966667,167.67,380528230
2026-08-02T16:28:27.468727180Z,target-700-rtt-10ms,43.751387725,14000,0,0,0,14000,14000,14000,0,0,64,13936,0.0,1147.903,64,0,7.1510929999999995,112276,150400,423041170,3.93,379479654
2026-08-02T16:28:29.476865963Z,target-700-rtt-10ms,45.784219414,14000,0,0,0,14000,14000,14000,0,0,0,14000,0.0,1147.903,64,0,6.458953,115279,150958,423271562,4.09,379060224
2026-08-02T16:28:33.834163626Z,target-700-repeat,0.000046948,721,215,0,0,506,505,0,0,0,0,0,0.0,8.423,64,0,3.101988,1014,156,427855774,263.18,378326220
2026-08-02T16:28:36.136349569Z,target-700-repeat,2.040248345,2338,336,0,0,2002,2000,0,0,2,1191,0,4.005,5.243,64,61,55.17796,4087,27829,431489669,283.88,380003942
2026-08-02T16:28:39.145794681Z,target-700-repeat,4.34210265,4445,368,0,0,4077,4076,0,0,1,2735,0,2.841,4.787,64,53,59.18847,7668,32404,435685527,292.89,379794227
2026-08-02T16:28:41.440891148Z,target-700-repeat,7.352086753,6048,238,0,0,5810,5809,0,0,2,4824,0,5.912,4.495,64,60,55.524114,12382,38461,441876554,260.47,379689369
2026-08-02T16:28:44.451594533Z,target-700-repeat,9.647586807,8155,185,0,0,7970,7969,0,0,0,6744,0,0.0,4.775,64,0,2.0510070000000002,18198,44059,446731537,283.98,379689369
2026-08-02T16:28:46.766028358Z,target-700-repeat,12.657264003,9779,355,0,0,9424,9422,0,0,1,8636,0,5.86,4.699,64,59,57.363325,29413,50176,452731565,285.94,379479654
2026-08-02T16:28:49.034954366Z,target-700-repeat,14.972120954,11361,440,0,0,10921,10921,0,0,1,10102,0,5.822,4.647,64,60,58.384561000000005,32780,54439,456911321,284.91,379899084
2026-08-02T16:28:52.044065031Z,target-700-repeat,17.241216967,13468,620,0,0,12848,12844,61,0,1,11609,0,6.095,4.755,64,60,57.012513,36343,59032,461185933,291.3,380633088
2026-08-02T16:28:55.564321340Z,target-700-repeat,20.250771138,14000,0,0,0,14000,14000,1613,0,53,13105,291,466.643,29.359,64,58,127.95708499999999,40877,66061,467809619,401.48,380947660
2026-08-02T16:28:57.661937095Z,target-700-repeat,23.770814522,14000,0,0,0,14000,14000,3000,0,0,11714,2286,0.0,29.359,64,36,48.843669,50106,79042,473950576,401.54,381891379
2026-08-02T16:28:59.780762596Z,target-700-repeat,25.868107752,14000,0,0,0,14000,14000,4492,0,0,10320,3680,0.0,29.359,64,19,39.463865,60640,87202,477619418,403.37,381157376
2026-08-02T16:29:02.788875918Z,target-700-repeat,27.987777982,14000,0,0,0,14000,14000,6789,0,0,8702,5298,0.0,29.359,64,34,31.299978999999997,68797,96364,481798653,399.36,381157376
2026-08-02T16:29:04.863125763Z,target-700-repeat,30.995602917,14000,0,0,0,14000,14000,8196,0,0,6478,7522,0.0,29.359,64,33,30.042743,81305,110236,487985027,408.66,381891379
2026-08-02T16:29:07.872128432Z,target-700-repeat,33.06976025,14000,0,0,0,14000,14000,10144,0,0,5173,8827,0.0,29.359,64,17,47.957594,90881,118180,491534632,404.15,381996236
2026-08-02T16:29:09.969874997Z,target-700-repeat,36.078571218,14000,0,0,0,14000,14000,11510,0,0,3215,10785,0.0,29.359,64,46,41.859246000000006,105518,129928,496731402,404.7,382520524
2026-08-02T16:29:12.078128506Z,target-700-repeat,38.176732793,14000,0,0,0,14000,14000,12739,0,0,1894,12106,0.0,29.359,64,39,44.205121,114236,138064,500301745,403.0,382625382
2026-08-02T16:29:15.088736429Z,target-700-repeat,40.284707296,14000,0,0,0,14000,14000,13856,0,0,721,13279,0.0,29.359,64,11,31.662733,124104,145336,503452319,360.98,383778816
2026-08-02T16:29:18.098228350Z,target-700-repeat,43.296097543,14000,0,0,0,14000,14000,14000,0,0,14,13986,0.0,29.359,64,0,8.235144,150839,150790,505743420,3.2,381367091
2026-08-02T16:29:20.103690569Z,target-700-repeat,45.303713509,14000,0,0,0,14000,14000,14000,0,0,0,14000,0.0,29.359,64,0,6.9727,153591,150964,505818146,4.3,383044812
2026-08-02T16:29:25.185923885Z,probe-900,0.000069386,1593,645,0,0,948,948,0,0,0,0,0,0.0,27.919,64,0,3.61123,3388,25144,510356205,288.22,382520524
2026-08-02T16:29:27.475715405Z,probe-900,2.777806838,3654,1203,0,0,2451,2450,0,0,1,1635,0,2.924,8.535,64,60,59.68648700000001,7931,28846,514012514,303.79,389965414
2026-08-02T16:29:30.484455142Z,probe-900,5.067349658,6363,1796,0,163,4404,4501,0,0,1,3226,0,2.449,6.695,64,56,49.403932999999995,11880,33145,518843185,290.68,382939955
2026-08-02T16:29:33.048768804Z,probe-900,8.076141089,8667,1800,0,2334,4533,5992,0,0,86,5150,0,489.598,238.335,64,58,109.058556,17605,39892,525666012,279.55,370252185
2026-08-02T16:29:36.289604Z,probe-900,10.641399626,11583,1800,0,5085,4698,7905,0,0,125,6636,0,594.446,398.847,64,59,108.67541299999999,20786,44719,530436795,281.41,362597580
2026-08-02T16:29:38.844339515Z,probe-900,13.881292964,13887,1800,0,7227,4860,9400,0,0,376,8554,0,1290.457,879.615,64,62,106.828924,24889,51085,535936833,272.39,355047833
2026-08-02T16:29:41.852934254Z,probe-900,16.435368683,16596,1800,0,9772,5024,11181,0,0,606,10081,0,1974.024,1569.791,64,59,119.05222599999999,28324,56554,540663279,299.99,347707801
2026-08-02T16:29:44.408534578Z,probe-900,19.444475517,18000,909,0,11967,5124,12647,513,0,768,11705,117,2349.685,1854.463,64,45,115.054181,32035,62512,546373093,303.32,351063244
2026-08-02T16:29:47.417401287Z,probe-900,21.999391979,18000,0,0,12875,5125,13258,2377,0,23,12177,1056,983.127,1921.023,64,16,134.650316,35351,70207,551569468,407.36,352531251
2026-08-02T16:29:49.575619130Z,probe-900,25.008740921,18000,0,0,12875,5125,13258,3815,0,0,10173,3085,0.0,1921.023,64,36,26.749533999999997,45857,81016,556499251,401.39,355152691
2026-08-02T16:29:52.583035924Z,probe-900,27.167456307,18000,0,0,12875,5125,13258,5669,0,0,8730,4528,0.0,1921.023,64,11,40.873028,57124,89866,560488325,394.44,354733260
2026-08-02T16:29:54.752157600Z,probe-900,30.174744457,18000,0,0,12875,5125,13258,6963,0,0,6992,6266,0.0,1921.023,64,27,31.773061,83974,100774,565386219,402.44,355572121
2026-08-02T16:29:56.872191241Z,probe-900,32.34386185,18000,0,0,12875,5125,13258,8188,0,0,5726,7532,0.0,1921.023,64,25,58.312278,94664,108274,568618088,407.78,363855872
2026-08-02T16:29:59.881045166Z,probe-900,34.463695312,18000,0,0,12875,5125,13258,9972,0,0,4466,8792,0.0,1921.023,64,3,41.11644,106021,115726,571934097,405.1,357983846
2026-08-02T16:30:01.974053926Z,probe-900,37.47323352,18000,0,0,12875,5125,13258,11201,0,0,2705,10553,0.0,1921.023,64,25,32.750464,122687,126592,576714657,405.19,358193561
2026-08-02T16:30:04.980366760Z,probe-900,39.565865756,18000,0,0,12875,5125,13258,12808,0,0,1400,11858,0.0,1921.023,64,0,4.08318,134205,134104,579970804,393.74,364170444
2026-08-02T16:30:07.027313001Z,probe-900,42.572152388,18000,0,0,12875,5125,13258,13237,0,0,175,13083,0.0,1921.023,64,0,6.936096999999999,166192,142708,583768923,362.61,358822707
2026-08-02T16:30:10.036726974Z,probe-900,44.618603938,18000,0,0,12875,5125,13258,13258,0,0,0,13258,0.0,1921.023,64,0,4.126778,185068,144286,584455800,4.24,357564416
2026-08-02T16:30:12.043162554Z,probe-900,46.627566123,18000,0,0,12875,5125,13258,13258,0,0,0,13258,0.0,1921.023,64,0,8.278031,185706,144310,584472597,4.75,358298419
2026-08-02T16:30:16.398563387Z,probe-1100,0.000055103,1144,596,0,0,548,548,0,0,0,0,0,0.0,17.199,64,0,4.501477,4230,5114,589006827,267.45,361444147
2026-08-02T16:30:18.686065151Z,probe-1100,2.0457228,3663,1509,0,0,2154,2153,0,0,1,1272,0,3.161,4.555,64,59,55.243308999999996,7565,7820,592714262,295.54,367001600
2026-08-02T16:30:21.695376540Z,probe-1100,4.333684624,6974,2211,0,1243,3520,4292,0,0,2,2880,0,2.671,30.671,64,60,44.55715,12357,13097,597288802,297.52,357040128
2026-08-02T16:30:24.154511440Z,probe-1100,7.342866957,9680,2211,0,3806,3663,6054,0,0,62,5084,0,547.077,132.479,64,50,89.498226,17217,19466,604190806,282.14,340472627
2026-08-02T16:30:27.163963697Z,probe-1100,9.802656563,12991,2210,0,7004,3777,8034,0,0,1,6804,0,5.12,126.911,64,57,86.864041,20882,24809,608731223,293.21,328938291
2026-08-02T16:30:29.649762478Z,probe-1100,12.812664149,15719,2200,0,9642,3877,9666,0,0,18,8750,0,190.269,118.719,64,59,97.503326,25041,30560,614400603,289.06,325058560
2026-08-02T16:30:32.783208329Z,probe-1100,15.298311162,19162,2200,0,12980,3982,11734,0,0,4,10392,0,14.191,108.287,64,57,88.982011,28519,35456,618984360,304.41,319291392
2026-08-02T16:30:35.252169418Z,probe-1100,18.431451334,21879,2200,0,15600,4079,13260,191,0,6,12414,7,11.855,100.479,65,43,85.63040099999999,32893,41555,624740077,313.8,330091724
2026-08-02T16:30:38.261670115Z,probe-1100,20.899674135,22000,0,0,17898,4102,13556,1564,65,38,12977,506,797.32,107.455,65,60,98.294489,36411,47834,629547415,272.18,326526566
2026-08-02T16:30:40.434433439Z,probe-1100,23.909934761,22000,0,0,17898,4102,13585,3307,65,16,11125,2452,3717.069,111.295,64,24,50.352234,40166,58475,634832202,404.05,330930585
2026-08-02T16:30:42.568838447Z,probe-1100,26.081874351,22000,0,0,17898,4102,13585,4815,65,8,9571,4014,5859.384,111.295,64,24,20.666896,48796,68063,639054541,403.48,333761740
2026-08-02T16:30:45.578919065Z,probe-1100,28.217599936,22000,0,0,17898,4102,13585,6907,65,8,8051,5534,8019.069,111.295,64,42,44.656277,59133,77603,643102115,401.44,336173465
2026-08-02T16:30:47.657636870Z,probe-1100,31.227010015,22000,0,0,17898,4102,13585,8217,65,8,6046,7539,11015.836,111.295,64,12,32.017605999999994,75282,89747,648254708,412.93,341416345
2026-08-02T16:30:50.668165970Z,probe-1100,33.305689246,22000,0,0,17898,4102,13585,10251,65,8,4676,8909,13114.724,111.295,64,12,52.228911000000004,88091,97733,651843225,404.78,338585190
2026-08-02T16:30:52.771550355Z,probe-1100,36.315856371,22000,0,0,17898,4102,13585,11627,65,8,2680,10905,16117.184,111.295,64,19,44.497143,102989,109667,656867789,401.36,339214336
2026-08-02T16:30:55.778129281Z,probe-1100,38.418895266,22000,0,0,17898,4102,13585,13151,65,8,1381,12204,18216.129,111.295,64,20,40.433151,115215,117599,660295001,333.97,341835776
2026-08-02T16:30:57.836010743Z,probe-1100,41.426638807,22000,0,0,17898,4102,13585,13462,65,8,204,13381,21191.719,111.295,64,0,8.218271,151035,125843,663762057,308.04,340472627
2026-08-02T16:31:00.846379406Z,probe-1100,43.483675184,22000,0,0,17898,4102,13585,13517,65,8,93,13492,23248.272,111.295,64,0,7.710953000000001,176986,127115,664300854,285.77,341730918
2026-08-02T16:31:02.899917584Z,probe-1100,46.493759205,22000,0,0,17898,4102,13585,13520,65,8,65,13520,26258.138,111.295,64,0,7.577543,215291,127397,664424877,300.71,342779494
2026-08-02T16:31:04.964558603Z,probe-1100,48.547678256,22000,0,0,17898,4102,13585,13520,65,8,65,13520,28312.204,111.295,64,0,7.658976,240994,127403,664435283,292.08,342779494
2026-08-02T16:31:07.974463743Z,probe-1100,50.61175413,22000,0,0,17898,4102,13585,13520,65,8,65,13520,30377.429,111.295,64,0,8.791373,267314,127403,664443065,298.33,343618355
2026-08-02T16:31:10.030593793Z,probe-1100,53.621782955,22000,0,0,17898,4102,13585,13520,65,8,65,13520,33388.66,111.295,64,0,10.368204,304767,127403,664455178,307.6,344142643
2026-08-02T16:31:13.039036474Z,probe-1100,55.677676839,22000,0,0,17898,4102,13585,13520,65,8,65,13520,35444.554,111.295,64,0,10.043534999999999,329865,127403,664462991,310.22,344771788
2026-08-02T16:31:15.090193614Z,probe-1100,58.686636261,22000,0,0,17898,4102,13585,13520,65,8,65,13520,38453.895,111.295,64,0,10.470523,366675,127403,664476776,313.08,345296076
2026-08-02T16:31:18.110116012Z,probe-1100,60.73867664,22000,0,0,17898,4102,13625,13520,65,8,65,13520,40500.616,115.647,64,0,5.633952,392431,127403,664480863,299.58,347393228
2026-08-02T16:31:20.141600285Z,probe-1100,63.75763502,22000,0,0,17898,4102,13650,13520,65,8,65,13520,43518.095,119.359,64,0,3.557592,429553,127403,664579324,297.93,354628403
2026-08-02T16:31:23.153456122Z,probe-1100,65.788646339,22000,0,0,17898,4102,13650,13520,65,8,65,13520,45552.3,119.359,64,0,6.761961,456025,127403,664604702,296.46,347812659
2026-08-02T16:31:25.211429606Z,probe-1100,68.801475926,22000,0,0,17898,4102,13650,13520,65,8,65,13520,48566.823,119.359,64,0,8.506860999999999,493653,127403,664617324,314.07,347602944
2026-08-02T16:31:27.262505037Z,probe-1100,70.858728183,22000,0,0,17898,4102,13650,13520,65,8,65,13520,50626.273,119.359,64,0,10.901330000000002,519302,127403,664625389,302.8,348966092
2026-08-02T16:31:30.275193418Z,probe-1100,72.909827116,22000,0,0,17898,4102,13650,13520,65,8,65,13520,52676.67,119.359,64,0,10.167354999999999,544833,127403,664633504,314.19,349804953
2026-08-02T16:31:32.333499606Z,probe-1100,75.922744622,22000,0,0,17898,4102,13650,13520,65,8,65,13520,55688.536,119.359,64,0,9.128509,582219,127403,664644053,302.9,350643814
2026-08-02T16:31:35.343410531Z,probe-1100,77.981734778,22000,0,0,17898,4102,13652,13527,65,8,65,13520,57748.836,120.127,64,0,10.339243999999999,607725,127407,665135540,312.2,351377817
2026-08-02T16:31:37.386007083Z,probe-1100,80.990759786,22000,0,0,17898,4102,13656,13552,65,5,53,13535,59564.731,120.319,64,0,6.523684,645205,127491,665179174,314.24,352111820
2026-08-02T16:31:40.411672570Z,probe-1100,83.033738841,22000,0,0,17898,4102,13658,13584,65,0,24,13569,0.0,120.383,64,0,2.926947,670394,127677,665266161,311.99,353474969
2026-08-02T16:31:42.454298554Z,probe-1100,86.059708474,22000,0,0,17898,4102,13658,13585,65,0,8,13585,0.0,120.383,64,0,8.287877,707943,127797,665330847,305.51,355152691
2026-08-02T16:31:45.495989656Z,probe-1100,88.101739435,22000,0,0,17898,4102,13658,13585,65,0,8,13585,0.0,120.383,64,0,12.149201999999999,733532,127797,665338786,313.76,353684684
2026-08-02T16:31:47.543680200Z,probe-1100,91.144698115,22000,0,0,17898,4102,13658,13585,65,0,8,13585,0.0,120.383,64,0,7.743293,771156,127797,665350811,306.44,354628403
2026-08-02T16:31:49.578287439Z,probe-1100,93.191845622,22000,0,0,17898,4102,13658,13585,65,0,8,13585,0.0,120.383,64,49,6.423448,795955,127797,665357977,309.17,353474969
2026-08-02T16:31:52.589743622Z,probe-1100,95.226541863,22000,0,0,17898,4102,13658,13585,65,0,8,13585,0.0,120.383,64,0,11.075728,820520,127797,665365407,305.53,354523545
2026-08-02T16:31:54.634763936Z,probe-1100,98.238793619,22000,0,0,17898,4102,13658,13586,65,0,8,13585,0.0,120.383,64,0,10.199441,857710,127797,665376816,314.78,355047833
2026-08-02T16:31:57.647983473Z,probe-1100,100.28264398499999,22000,0,0,17898,4102,13658,13590,65,0,5,13588,0.0,120.383,64,0,6.215474,883351,127803,665388117,305.69,356410982
2026-08-02T16:31:59.692008194Z,probe-1100,103.296275106,22000,0,0,17898,4102,13658,13593,65,0,2,13591,0.0,120.383,64,0,10.4761,920571,127827,665407717,301.46,356725555
2026-08-02T16:32:02.701166559Z,probe-1100,105.340228948,22000,0,0,17898,4102,13658,13593,65,0,0,13593,0.0,120.383,64,0,6.4911389999999995,933692,127839,665416658,4.4,354418688
2026-08-02T16:32:04.704267214Z,probe-1100,107.348501459,22000,0,0,17898,4102,13658,13593,65,0,0,13593,0.0,120.383,64,0,5.5728219999999995,934190,127839,665416658,0.02,355257548
2026-08-02T16:32:09.041405029Z,burst-1400,0.00005607,1456,881,0,0,575,574,0,0,0,0,0,0.0,14.983,64,13,6.42534,3403,25006,669878496,261.94,364275302
2026-08-02T16:32:11.326296198Z,burst-1400,2.050318268,4662,2493,0,0,2169,2168,0,0,1,1301,0,2.98,6.455,64,59,53.683454,7040,27979,673563993,298.95,365009305
2026-08-02T16:32:14.333923929Z,burst-1400,4.335393862,8876,2800,0,3363,2713,4260,0,0,5,3005,0,9.367,21.199,64,60,69.873772,11759,33262,678507397,318.74,331559731
2026-08-02T16:32:16.720379042Z,burst-1400,7.343869734,12208,2800,0,6642,2766,5737,0,0,3,4886,0,5.406,19.135,64,58,71.258301,16492,38896,684082701,309.91,321073971
2026-08-02T16:32:19.726088840Z,burst-1400,9.7300515,14000,378,0,10764,2858,7654,0,0,1,6431,0,5.093,19.247,64,62,74.840015,20430,43579,688355009,313.54,314467942
2026-08-02T16:32:21.780667786Z,burst-1400,12.735334643,14000,0,0,11131,2869,7907,0,0,0,7907,0,0.0,18.991,64,0,6.356764,28298,48613,693014260,333.6,316879667
2026-08-02T16:32:23.809942196Z,burst-1400,14.790365436,14000,0,0,11131,2869,7907,0,0,0,7907,0,0.0,18.991,64,0,2.777365,53574,48727,693159634,323.18,318452531
2026-08-02T16:32:26.816808519Z,burst-1400,16.819527154,14000,0,0,11131,2869,7907,38,0,0,7907,0,0.0,18.991,64,0,9.202643,78507,48727,693169352,354.53,326526566
2026-08-02T16:32:28.866991945Z,burst-1400,19.826374516,14000,0,0,11131,2869,7907,624,0,0,7691,216,0.0,18.991,64,0,8.947363999999999,116149,49417,693498779,389.97,338794905
2026-08-02T16:32:31.872813140Z,burst-1400,21.876637591,14000,0,0,11131,2869,7907,2567,0,0,6783,1124,0.0,18.991,64,19,44.519466,142759,54151,695640687,386.6,340472627
2026-08-02T16:32:34.051239230Z,burst-1400,24.882704327,14000,0,0,11131,2869,7907,3996,0,0,4671,3236,0.0,18.991,65,10,40.269712999999996,161939,66547,701162242,390.45,343828070
2026-08-02T16:32:37.059529Z,burst-1400,27.06071395,14000,0,0,11131,2869,7907,5894,0,0,3250,4657,0.0,18.991,65,40,6.221075000000001,171850,74629,704635305,395.33,343303782
2026-08-02T16:32:39.242852452Z,burst-1400,30.068312064,14000,0,0,11131,2869,7907,7217,0,0,1356,6551,0.0,18.991,65,22,52.569138,188193,86233,709685910,407.98,347812659
2026-08-02T16:32:42.253158100Z,burst-1400,32.252369481,14000,0,0,11131,2869,7907,7907,0,0,274,7633,0.0,18.991,64,0,4.585541999999999,201420,93559,713312150,247.4,343094067
2026-08-02T16:32:44.261150032Z,burst-1400,34.261882561,14000,0,0,11131,2869,7907,7907,0,0,0,7907,0.0,18.991,64,0,4.981297,225208,96067,714377989,4.34,342569779
2026-08-02T16:32:49.176506957Z,proactive-target-2083,0.000021842,2728,1991,0,0,737,736,0,0,0,0,0,0.0,15.943,64,19,2.795471,4969,55102,724063280,276.42,348651520
2026-08-02T16:32:51.487068077Z,proactive-target-2083,2.314182934,7540,4166,0,1565,1809,2286,0,0,1,1456,0,2.56,9.759,64,57,58.587177,9024,58981,728230210,335.01,334495744
2026-08-02T16:32:54.495003984Z,proactive-target-2083,4.625198825,13810,4166,0,7770,1874,4124,0,0,3,2928,0,11.442,12.023,64,61,57.346572,13114,63265,733309707,335.48,318137958
2026-08-02T16:32:56.786314389Z,proactive-target-2083,7.634056038,18580,4166,0,12481,1933,5594,0,0,1,4763,0,4.204,12.679,64,61,54.337007,18703,68620,738816908,312.48,314992230
2026-08-02T16:32:59.796239953Z,proactive-target-2083,9.924437887,24850,4166,0,18670,2014,7480,0,0,2,6252,0,6.205,13.087,64,60,53.843019999999996,23020,73039,743216079,339.3,312056217
2026-08-02T16:33:02.103733387Z,proactive-target-2083,12.934671762,29661,4186,0,23409,2066,8862,0,0,5,8112,0,12.738,13.335,64,58,54.304856,28838,78676,748812015,327.82,312161075
2026-08-02T16:33:05.109736526Z,proactive-target-2083,15.242472107,35910,4166,0,29582,2162,10716,0,0,1,9511,0,6.257,14.087,63,55,49.237913,33072,82837,753010732,331.06,311322214
2026-08-02T16:33:07.405315050Z,proactive-target-2083,18.248130416,40701,4166,0,34323,2212,12042,134,0,0,11378,4,0.0,14.039,64,56,57.826325,38561,88165,758396528,362.07,319710822
2026-08-02T16:33:09.699392850Z,proactive-target-2083,20.543262758,41660,355,0,39052,2253,12939,1023,0,3,12019,456,9.688,14.287,64,41,61.467147,43337,93865,763132039,394.92,325477990
2026-08-02T16:33:12.707877013Z,proactive-target-2083,22.837257033,41660,0,0,39406,2254,13005,2937,0,0,11316,1689,0.0,14.391,64,14,15.149536999999999,50342,102535,768139879,404.04,333027737
2026-08-02T16:33:14.856506041Z,proactive-target-2083,25.846180633,41660,0,0,39406,2254,13005,4334,0,0,9385,3620,0.0,14.391,64,22,24.722646,66065,113833,773385965,403.05,335124889
2026-08-02T16:33:17.865619319Z,proactive-target-2083,27.99418494,41660,0,0,39406,2254,13005,6227,0,0,8018,4987,0.0,14.391,64,9,9.53861,77485,122419,777078928,406.73,336383180
2026-08-02T16:33:20.059285209Z,proactive-target-2083,31.003345483,41660,0,0,39406,2254,13005,7577,0,0,6156,6849,0.0,14.391,64,22,51.400618,102930,133669,782128964,406.88,344771788
2026-08-02T16:33:23.066805271Z,proactive-target-2083,33.197300036,41660,0,0,39406,2254,13005,9438,0,0,4794,8211,0.0,14.391,64,33,54.668948,114910,141709,785648938,389.14,340996915
2026-08-02T16:33:25.166437183Z,proactive-target-2083,36.206170267,41660,0,0,39406,2254,13005,10725,0,0,2980,10025,0.0,14.391,64,21,44.670716,133712,152719,790315721,405.01,342569779
2026-08-02T16:33:28.174379978Z,proactive-target-2083,38.304141947,41660,0,0,39406,2254,13005,12298,0,0,1713,11292,0.0,14.391,64,34,50.937743,145504,160411,793649196,388.54,346030080
2026-08-02T16:33:30.234263089Z,proactive-target-2083,41.312806234,41660,0,0,39406,2254,13005,12877,0,0,346,12659,0.0,14.391,64,0,11.040553,170813,169063,797236599,389.17,348966092
2026-08-02T16:33:32.289277274Z,proactive-target-2083,43.372339144,41660,0,0,39406,2254,13005,13005,0,0,18,12987,0.0,14.391,64,0,8.923432,197249,171763,798400544,165.74,346239795
2026-08-02T16:33:34.295817660Z,proactive-target-2083,44.42691007,41660,0,0,39406,2254,13005,13005,0,0,0,13005,0.0,14.391,64,0,9.37809,204729,172033,798509240,6.3,346030080
2026-08-02T16:33:39.289684477Z,timer-herd-no-jitter,0.000124814,5000,3897,0,0,1103,1102,0,0,0,0,0,0.0,39.807,64,56,7.202672000000001,4426,10066,801419923,294.61,354313830
2026-08-02T16:33:41.331384895Z,timer-herd-no-jitter,2.82580603,5000,0,0,3781,1219,1280,0,0,0,1280,0,0.0,36.191,64,0,3.67375,8395,13906,805205543,298.88,355886694
2026-08-02T16:33:43.387159071Z,timer-herd-no-jitter,4.866785905,5000,0,0,3781,1219,1280,0,0,0,1280,0,0.0,36.191,64,0,4.050734,32577,13906,805255092,319.48,356935270
2026-08-02T16:33:46.397253835Z,timer-herd-no-jitter,6.923790542,5000,0,0,3781,1219,1280,0,0,0,1280,0,0.0,36.191,64,0,2.2518339999999997,57571,13906,805259530,307.47,357459558
2026-08-02T16:33:48.428950312Z,timer-herd-no-jitter,9.932743695,5000,0,0,3781,1219,1280,0,0,0,1280,0,0.0,36.191,64,0,1.999583,95028,13906,805266716,293.93,358612992
2026-08-02T16:33:51.439792060Z,timer-herd-no-jitter,11.965391763,5000,0,0,3781,1219,1280,0,0,0,1280,0,0.0,36.191,64,0,1.774734,120259,13906,805270362,276.8,358508134
2026-08-02T16:33:53.485573990Z,timer-herd-no-jitter,14.976506774,5000,0,0,3781,1219,1280,0,0,0,1280,0,0.0,36.191,64,0,3.639072,158172,13906,805278691,308.11,358717849
2026-08-02T16:33:55.518041192Z,timer-herd-no-jitter,17.020775705,5000,0,0,3781,1219,1280,0,0,0,1280,0,0.0,36.191,64,0,1.155424,183300,13906,805280558,303.14,358822707
2026-08-02T16:33:58.530721135Z,timer-herd-no-jitter,19.053863709,5000,0,0,3781,1219,1280,610,0,0,1214,66,0.0,36.191,64,0,1.888957,208540,13918,805297358,364.35,361129574
2026-08-02T16:34:00.573176019Z,timer-herd-no-jitter,22.06688831,5000,0,0,3781,1219,1280,1193,0,0,365,915,0.0,36.191,64,0,2.3372599999999997,247434,17812,807011497,352.62,361968435
2026-08-02T16:34:03.583930807Z,timer-herd-no-jitter,24.109655167,5000,0,0,3781,1219,1280,1280,0,0,0,1280,0.0,36.191,64,0,3.612361,274876,21202,808348979,3.51,357878988
2026-08-02T16:34:05.590337081Z,timer-herd-no-jitter,26.11909578,5000,0,0,3781,1219,1280,1280,0,0,0,1280,0.0,36.191,64,0,3.584872,275036,21202,808355918,3.99,359556710
2026-08-02T16:34:10.641775729Z,timer-herd-jitter-60s,0.000109642,159,1,0,0,158,158,0,0,0,0,0,0.0,7.391,64,0,5.282466,7663,10276,810417017,329.08,362702438
2026-08-02T16:34:12.683915455Z,timer-herd-jitter-60s,2.913707482,329,1,0,0,328,328,0,0,0,241,0,0.0,6.503,64,0,1.968423,33427,10780,810924550,318.28,363436441
2026-08-02T16:34:15.692171110Z,timer-herd-jitter-60s,4.955690596,580,1,0,0,579,579,0,0,0,412,0,0.0,5.983,64,0,2.978104,58602,11278,811376770,331.79,364065587
2026-08-02T16:34:17.736085716Z,timer-herd-jitter-60s,7.963690087,750,0,0,0,750,750,0,0,1,662,0,2.271,5.735,64,0,1.38766,97402,12042,812097683,319.45,365114163
2026-08-02T16:34:20.783963297Z,timer-herd-jitter-60s,10.007707793,1004,0,0,0,1004,1003,0,0,0,833,0,0.0,5.531,64,0,4.029821999999999,123161,12541,812601882,313.22,365533593
2026-08-02T16:34:22.832445278Z,timer-herd-jitter-60s,13.055791716,1175,1,0,0,1174,1174,0,0,0,1087,0,0.0,5.311,64,0,3.559956,174899,13546,813511215,293.3,365743308
2026-08-02T16:34:25.840735732Z,timer-herd-jitter-60s,15.103697904,1425,0,0,0,1425,1425,0,0,1,1257,0,2.705,5.163,64,0,2.817109,201041,14047,813991560,329.66,365638451
2026-08-02T16:34:27.886014599Z,timer-herd-jitter-60s,18.112984178,1595,0,0,0,1595,1595,16,0,0,1509,0,0.0,5.127,64,0,3.5125569999999997,239560,14796,814700710,339.4,366791884
2026-08-02T16:34:29.931238425Z,timer-herd-jitter-60s,20.157704944,1766,1,0,0,1765,1765,109,0,0,1624,55,0.0,5.063,64,0,2.2954350000000003,265398,15610,815317456,349.82,366896742
2026-08-02T16:34:32.938509071Z,timer-herd-jitter-60s,22.202772397,2016,0,0,0,2016,2016,341,0,0,1660,190,0.0,4.947,64,0,3.569441,291184,16858,816135105,347.8,367840460
2026-08-02T16:34:34.985306564Z,timer-herd-jitter-60s,25.209661483,2187,0,0,0,2187,2187,521,0,0,1670,430,0.0,5.179,64,0,3.566246,330176,19072,817760866,339.11,373922201
2026-08-02T16:34:37.996711895Z,timer-herd-jitter-60s,27.256716173,2438,0,0,0,2438,2438,764,0,0,1673,597,0.0,5.143,64,0,2.7431769999999998,356327,20575,818668102,358.23,368784179
2026-08-02T16:34:40.045231955Z,timer-herd-jitter-60s,30.269442933,2609,0,0,0,2609,2608,933,0,0,1668,853,0.0,5.087,64,0,4.660194000000001,395791,22809,820030768,336.02,369832755
2026-08-02T16:34:43.077671885Z,timer-herd-jitter-60s,32.317819419,2861,0,0,0,2861,2861,1202,0,0,1672,1020,0.0,5.039,64,0,3.923289,421732,24328,820930469,351.92,371195904
2026-08-02T16:34:45.124433992Z,timer-herd-jitter-60s,35.349778168,3032,0,0,0,3032,3031,1370,0,0,1651,1294,0.0,4.931,64,0,3.9660090000000006,460724,26680,822327569,321.6,370776473
2026-08-02T16:34:48.135008664Z,timer-herd-jitter-60s,37.396293352,3283,0,0,0,3283,3282,1614,0,0,1674,1441,0.0,4.891,64,0,3.625355,486557,28078,823171931,358.76,372349337
2026-08-02T16:34:50.183658708Z,timer-herd-jitter-60s,40.406745046,3454,0,0,0,3454,3453,1781,0,0,1677,1689,0.0,4.879,64,0,4.979874,525743,30328,824543739,338.95,371405619
2026-08-02T16:34:52.235647719Z,timer-herd-jitter-60s,42.455659559,3625,0,0,0,3625,3624,1945,0,0,1669,1867,0.0,4.875,64,0,3.333438,551858,31831,825473079,349.39,372559052
2026-08-02T16:34:55.245796581Z,timer-herd-jitter-60s,44.507652693,3875,0,0,0,3875,3875,2195,0,0,1664,2044,0.0,4.843,64,0,2.226015,577908,33341,826424450,343.57,373397913
2026-08-02T16:34:57.288722284Z,timer-herd-jitter-60s,47.517860153,4045,0,0,0,4045,4045,2361,0,0,1683,2276,0.0,4.795,64,0,5.181352,617351,35509,827768972,355.4,373083340
2026-08-02T16:35:00.300217207Z,timer-herd-jitter-60s,49.56071005,4297,1,0,0,4296,4296,2642,0,0,1666,2463,0.0,4.779,64,0,1.601121,643303,37105,828768278,354.24,374236774
2026-08-02T16:35:02.337209910Z,timer-herd-jitter-60s,52.571677464,4466,0,0,0,4466,4466,2792,0,0,1676,2704,0.0,4.779,64,0,3.319683,682781,39367,830184835,356.97,374131916
2026-08-02T16:35:04.383788346Z,timer-herd-jitter-60s,54.608689542,4637,1,0,0,4636,4636,2963,0,0,1681,2869,0.0,4.775,64,0,6.746627,708499,40789,831090187,352.52,374551347
2026-08-02T16:35:07.394442876Z,timer-herd-jitter-60s,56.655743563,4888,0,0,0,4888,4887,3212,0,0,1665,3055,0.0,4.759,64,0,4.22026,734482,42400,832085723,366.75,374761062
2026-08-02T16:35:10.405104412Z,timer-herd-jitter-60s,59.665696602,5000,0,0,0,5000,5000,3464,0,0,1662,3309,0.0,4.739,64,0,3.486979,773235,44680,833507568,305.38,374761062
2026-08-02T16:35:12.444568818Z,timer-herd-jitter-60s,62.677506087,5000,0,0,0,5000,5000,3645,0,0,1437,3563,0.0,4.739,64,0,4.951116,811825,46360,834373638,322.6,375285350
2026-08-02T16:35:14.486532567Z,timer-herd-jitter-60s,64.715763766,5000,0,0,0,5000,5000,3806,0,0,1279,3721,0.0,4.739,64,0,3.83316,837429,47398,834845938,327.57,375495065
2026-08-02T16:35:17.525489961Z,timer-herd-jitter-60s,66.757774034,5000,0,0,0,5000,5000,4058,0,0,1107,3893,0.0,4.739,64,0,5.7683409999999995,863059,48304,835257280,318.62,376019353
2026-08-02T16:35:19.564889981Z,timer-herd-jitter-60s,69.796797825,5000,0,0,0,5000,5000,4231,0,0,856,4144,0.0,4.739,64,0,4.4375350000000005,901314,49852,835953438,327.34,376124211
2026-08-02T16:35:22.576275187Z,timer-herd-jitter-60s,71.836827443,5000,0,0,0,5000,5000,4494,0,0,679,4321,0.0,4.739,64,0,5.595903,926408,50890,836420348,318.56,377382502
2026-08-02T16:35:24.599814298Z,timer-herd-jitter-60s,74.848149067,5000,0,0,0,5000,5000,4644,0,0,427,4573,0.0,4.739,64,0,2.292318,964921,52462,837128377,300.48,376858214
2026-08-02T16:35:26.647669498Z,timer-herd-jitter-60s,76.872156264,5000,0,0,0,5000,5000,4815,0,0,266,4734,0.0,4.739,64,0,3.904405,990547,53332,837517187,328.04,377067929
2026-08-02T16:35:29.655648238Z,timer-herd-jitter-60s,78.919758833,5000,0,0,0,5000,5000,4986,0,0,106,4894,0.0,4.739,64,0,3.872229,1016268,54304,837957380,304.29,377172787
2026-08-02T16:35:31.701635963Z,timer-herd-jitter-60s,81.927989205,5000,0,0,0,5000,5000,5000,0,0,0,5000,0.0,4.739,64,0,3.5318929999999997,1054604,55228,838368884,3.14,376229068
2026-08-02T16:35:33.706426998Z,timer-herd-jitter-60s,82.972724353,5000,0,0,0,5000,5000,5000,0,0,0,5000,0.0,4.739,64,0,5.321104,1054881,55228,838368884,13.12,375914496
2026-08-02T16:35:38.838022298Z,proactive-overload-4167,0.000056397,4333,3757,0,0,576,574,0,0,0,0,0,0.0,52.191,64,0,4.3875850000000005,7140,105060,856845776,247.75,377172787
2026-08-02T16:35:41.847817092Z,proactive-overload-4167,2.041853381,16876,5097,5431,4778,1570,2384,0,0,1,1283,0,2.758,51.423,64,58,51.279324,9673,107739,860764733,295.32,355676979
2026-08-02T16:35:44.851656008Z,proactive-overload-4167,5.052395636,29377,5055,9837,12797,1688,4005,0,0,1,3191,0,5.735,228.095,64,53,32.346922,15403,113544,867287231,282.39,340262912
2026-08-02T16:35:47.263603631Z,proactive-overload-4167,8.055973027,39419,5090,13116,19249,1964,5652,0,0,141,4640,0,618.17,285.951,64,52,114.045173,21243,118338,872808215,364.6,331874304
2026-08-02T16:35:49.449375694Z,proactive-overload-4167,10.466913587,48545,5091,17028,24318,2108,7081,0,0,73,6277,0,412.617,311.551,64,58,41.310233000000004,25695,123150,877808573,346.86,325268275
2026-08-02T16:35:52.457011270Z,proactive-overload-4167,12.653068809,61046,5055,22953,30760,2278,9022,0,0,2,7788,0,6.659,341.503,64,58,28.111555,29848,127533,882535393,295.39,322227404
2026-08-02T16:35:55.953938916Z,proactive-overload-4167,15.661252889,75631,5090,28470,39551,2520,11184,0,0,65,9691,0,288.271,343.551,64,58,124.88451,36001,133449,889495296,299.11,320864256
2026-08-02T16:35:58.153627762Z,proactive-overload-4167,19.158644656,84798,5092,32396,44718,2592,12243,303,0,1,11792,69,13.623,354.047,64,55,34.671996,42422,140229,896073889,302.25,334181171
2026-08-02T16:36:00.504972876Z,proactive-overload-4167,21.35764613,94590,5055,36069,50843,2623,12482,1387,0,0,11598,767,0.0,350.719,64,60,49.556101999999996,46031,145227,900132501,294.57,337222041
2026-08-02T16:36:04.561660231Z,proactive-overload-4167,23.709031945,111508,5055,42627,61189,2637,12545,3796,0,0,10288,2195,0.0,349.951,64,59,301.604345,49492,154299,905603166,304.35,339109478
2026-08-02T16:36:07.568075461Z,proactive-overload-4167,27.76614467,124051,5097,46626,69623,2705,12882,5681,0,0,8167,4467,0.0,345.855,64,22,171.97422,54026,168519,911731839,277.29,340892057
2026-08-02T16:36:11.999151339Z,proactive-overload-4167,30.772680104,142511,5087,54594,80123,2707,12973,8187,0,0,6586,6387,0.0,346.111,64,52,332.914288,58727,181719,919717495,293.8,341835776
2026-08-02T16:36:19.637315391Z,proactive-overload-4167,35.203630331,174305,5096,66297,100170,2742,13350,12354,0,0,3704,9269,0.0,343.295,64,57,847.948671,62445,200601,930450510,313.45,343408640
2026-08-02T16:36:21.829971053Z,proactive-overload-4167,42.841673721,183473,5093,70238,105264,2878,14597,12480,0,2,1520,12445,12.388,338.943,64,59,26.588465,68201,220641,935303619,322.51,340262912
2026-08-02T16:36:24.033258808Z,proactive-overload-4167,45.033875723,192640,5091,74154,110327,3068,15965,12530,0,3,2812,12499,9.44,340.735,64,59,40.61434,72339,225033,939223094,302.31,342884352
2026-08-02T16:36:27.040790652Z,proactive-overload-4167,47.237259045,205183,5055,78696,118208,3224,17768,12754,0,1,4167,12576,8.344,348.159,64,51,43.68482,76635,229734,943703960,331.19,343618355
2026-08-02T16:36:30.049967802Z,proactive-overload-4167,50.245688914,217725,5089,83954,125334,3348,19213,12972,0,58,5447,12847,586.779,340.991,64,37,148.90555799999998,82697,236367,950428017,312.38,347812659
2026-08-02T16:36:32.259968247Z,proactive-overload-4167,53.253819265,226934,5089,87926,130420,3499,20526,12973,0,1,6947,12973,13.43,340.991,64,56,43.754545,87843,241908,954767006,290.42,343198924
2026-08-02T16:36:34.456302645Z,proactive-overload-4167,55.463886538,236060,5056,91801,135581,3622,21904,12973,0,0,8375,12973,0.0,342.271,65,58,37.612179000000005,91942,245976,958213606,262.8,344352358
2026-08-02T16:36:36.969140649Z,proactive-overload-4167,57.660689882,246561,5055,95091,142666,3749,23662,12973,0,3,9649,12973,13.385,345.599,64,61,31.055746,96109,249876,963347776,327.89,340787200
2026-08-02T16:36:39.977869574Z,proactive-overload-4167,60.173222226,250020,0,96080,149951,3989,25157,13592,0,85,11239,13033,298.082,342.271,64,55,96.492558,101272,255183,967710196,386.89,357354700
2026-08-02T16:36:42.988342727Z,proactive-overload-4167,63.181952892,250020,0,96080,149951,3989,25160,15259,0,0,11020,14140,0.0,342.271,64,1,20.331233,109463,263760,972361628,401.9,365638451
2026-08-02T16:36:45.150380854Z,proactive-overload-4167,66.192233075,250020,0,96080,149951,3989,25160,16642,0,0,9240,15920,0.0,342.271,64,37,34.894756,129892,274104,976954075,405.44,367735603
2026-08-02T16:36:47.265550076Z,proactive-overload-4167,68.353937751,250020,0,96080,149951,3989,25160,17871,0,0,7883,17277,0.0,342.271,64,9,66.75740400000001,145522,282702,980511963,392.84,369937612
2026-08-02T16:36:50.272210062Z,proactive-overload-4167,70.469387963,250020,0,96080,149951,3989,25160,19447,0,0,6823,18337,0.0,342.271,64,0,9.138805,165800,289278,983340430,397.18,372349337
2026-08-02T16:36:53.280415966Z,proactive-overload-4167,73.476645056,250020,0,96080,149951,3989,25160,21163,0,0,5186,19974,0.0,342.271,64,30,42.581134999999996,200669,298902,987531605,391.35,377592217
2026-08-02T16:36:55.455804857Z,proactive-overload-4167,76.484813247,250020,0,96080,149951,3989,25160,22524,0,0,3379,21781,0.0,342.271,64,18,40.311258,226615,309492,992171871,396.41,381891379
2026-08-02T16:36:57.577313800Z,proactive-overload-4167,78.65993774,250020,0,96080,149951,3989,25160,23912,0,0,1961,23199,0.0,342.271,64,33,57.199504,239567,317550,995637792,400.52,382939955
2026-08-02T16:36:59.634579672Z,proactive-overload-4167,80.781760373,250020,0,96080,149951,3989,25160,24875,0,0,678,24482,0.0,342.271,64,0,12.958226,252697,325764,999173935,386.54,384093388
2026-08-02T16:37:02.644390004Z,proactive-overload-4167,82.838729658,250020,0,96080,149951,3989,25160,25160,0,0,73,25087,0.0,342.271,64,0,17.786183,277001,330498,1001196410,158.89,382520524
2026-08-02T16:37:04.650575979Z,proactive-overload-4167,84.847701496,250020,0,96080,149951,3989,25160,25160,0,0,0,25160,0.0,342.271,64,0,10.020173,297774,331458,1001646199,4.51,382625382
